2026-04-26_22-09-15,0,draft.go:2026-04-26_22-09-15
2026-04-26_22-15-30,0,draft.go:2026-04-26_22-15-30
2026-04-26_22-15-49,12,draft.go:2026-04-26_22-15-49
2026-04-26_22-16-57,37,draft.go:2026-04-26_22-16-57
2026-04-26_22-18-28,50,draft.go:2026-04-26_22-18-28
2026-04-26_22-18-43,50,draft.go:2026-04-26_22-18-43
2026-04-26_22-19-03,50,draft.go:2026-04-26_22-19-03
2026-04-26_22-20-24,50,draft.go:2026-04-26_22-20-24
2026-04-26_22-22-25,50,draft.go:2026-04-26_22-22-25
2026-04-26_22-30-29,50,draft.go:2026-04-26_22-30-29
2026-04-26_22-30-43,50,draft.go:2026-04-26_22-30-29
2026-04-26_22-31-47,50,draft.go:2026-04-26_22-30-29
2026-04-26_22-32-27,50,draft.go:2026-04-26_22-32-27
2026-04-26_22-34-43,50,draft.go:2026-04-26_22-32-27
2026-04-26_22-37-38,87,draft.go:2026-04-26_22-37-38
2026-04-26_22-44-27,87,draft.go:2026-04-26_22-37-38
2026-04-26_22-44-45,100,draft.go:2026-04-26_22-44-45
2026-04-26_22-45-21,87,draft.go:2026-04-26_22-45-21
2026-04-26_22-47-15,87,draft.go:2026-04-26_22-47-15
2026-04-26_22-47-46,100,draft.go:2026-04-26_22-47-46
2026-04-26_22-48-16,87,draft.go:2026-04-26_22-48-16
2026-04-26_22-48-46,100,draft.go:2026-04-26_22-48-46
