2026-05-10_15-54-34,0,draft.go:2026-05-10_15-54-34
2026-05-10_16-09-37,0,draft.go:2026-05-10_16-09-37
2026-05-10_16-10-20,0,draft.go:2026-05-10_16-10-20
2026-05-10_16-11-15,0,draft.go:2026-05-10_16-11-15
2026-05-10_16-11-30,0,draft.go:2026-05-10_16-11-30
2026-05-10_16-11-44,0,draft.go:2026-05-10_16-11-30
2026-05-10_16-12-39,0,draft.go:2026-05-10_16-12-39
2026-05-10_16-12-46,0,draft.go:2026-05-10_16-12-39
2026-05-10_16-13-01,0,draft.go:2026-05-10_16-13-01
2026-05-10_16-14-04,0,draft.go:2026-05-10_16-14-04
2026-05-10_16-14-29,0,draft.go:2026-05-10_16-14-29
2026-05-10_16-15-30,0,draft.go:2026-05-10_16-15-30
2026-05-10_16-15-56,0,draft.go:2026-05-10_16-15-56
2026-05-10_16-17-35,0,draft.go:2026-05-10_16-17-35
2026-05-10_16-17-50,---,draft.go:2026-05-10_16-17-35
2026-05-10_16-18-16,---,draft.go:2026-05-10_16-18-16
2026-05-10_16-19-16,0,draft.go:2026-05-10_16-19-16
2026-05-10_16-19-18,0,draft.go:2026-05-10_16-19-16
2026-05-10_16-19-19,0,draft.go:2026-05-10_16-19-16
2026-05-10_16-21-18,0,draft.go:2026-05-10_16-21-18
2026-05-10_16-21-40,0,draft.go:2026-05-10_16-21-40
2026-05-10_16-21-49,0,draft.go:2026-05-10_16-21-49
2026-05-10_16-23-03,0,draft.go:2026-05-10_16-23-03
2026-05-10_16-23-53,100,draft.go:2026-05-10_16-23-53
2026-05-11_17-52-34,100,draft.go:2026-05-10_16-23-53
