2026-05-24_18-54-38,0,draft.go:2026-05-24_18-54-38
2026-05-24_18-56-47,0,draft.go:2026-05-24_18-56-47
2026-05-24_18-57-57,0,draft.go:2026-05-24_18-57-57
2026-05-24_18-58-36,0,draft.go:2026-05-24_18-58-36
2026-05-24_18-58-52,0,draft.go:2026-05-24_18-58-52
2026-05-24_18-59-12,0,draft.go:2026-05-24_18-59-12
2026-05-24_19-17-43,0,draft.go:2026-05-24_19-17-43
2026-05-24_19-22-35,0,draft.go:2026-05-24_19-22-35
2026-05-24_19-22-49,100,draft.go:2026-05-24_19-22-49
2026-06-04_22-35-04,100,draft.go:2026-06-04_22-35-04
