2026-03-23_18-05-37,0,draft.go:2026-03-23_18-05-37
2026-03-23_18-05-38,---,draft.go:2026-03-23_18-05-37
2026-03-24_16-46-59,0,draft.go:2026-03-23_18-05-37
2026-03-24_16-48-16,0,draft.go:2026-03-23_18-05-37
2026-03-24_16-53-58,0,draft.go:2026-03-24_16-53-58
2026-03-24_16-56-03,0,draft.go:2026-03-24_16-53-58
2026-03-24_16-56-44,0,draft.go:2026-03-24_16-56-44
2026-03-24_16-56-52,0,draft.go:2026-03-24_16-56-52
2026-03-24_16-58-55,0,draft.go:2026-03-24_16-58-55
2026-03-24_16-59-05,0,draft.go:2026-03-24_16-59-05
2026-03-24_17-00-01,100,draft.go:2026-03-24_17-00-01
