2026-05-24_21-40-44,0,draft.go:2026-05-24_21-40-44
2026-05-24_21-40-53,0,draft.go:2026-05-24_21-40-44
2026-05-24_21-57-56,0,draft.go:2026-05-24_21-57-56
2026-05-24_21-58-47,0,draft.go:2026-05-24_21-58-47
2026-05-24_21-59-32,0,draft.go:2026-05-24_21-59-32
2026-05-24_21-59-43,0,draft.go:2026-05-24_21-59-43
2026-05-24_22-00-57,28,draft.go:2026-05-24_22-00-57
2026-05-24_22-05-53,28,draft.go:2026-05-24_22-05-53
2026-05-24_22-06-46,28,draft.go:2026-05-24_22-06-46
2026-05-24_22-11-27,100,draft.go:2026-05-24_22-11-27
2026-05-24_22-12-28,71,draft.go:2026-05-24_22-12-28
2026-05-24_22-13-20,100,draft.go:2026-05-24_22-13-20
2026-05-31_21-54-49,100,draft.go:2026-05-24_22-13-20
2026-06-01_17-17-20,100,draft.go:2026-05-24_22-13-20
2026-06-09_17-05-42,100,draft.go:2026-05-24_22-13-20
