2026-03-10_17-14-57,0,draft.go:2026-03-10_17-14-57
2026-03-10_17-19-29,0,draft.go:2026-03-10_17-14-57
2026-03-10_17-22-37,0,draft.go:2026-03-10_17-14-57
2026-03-10_17-31-51,0,draft.go:2026-03-10_17-31-51
2026-03-10_17-40-29,0,draft.go:2026-03-10_17-40-29
2026-03-10_17-41-06,0,draft.go:2026-03-10_17-41-06
2026-03-10_17-43-12,0,draft.go:2026-03-10_17-43-12
2026-03-10_17-46-29,0,draft.go:2026-03-10_17-46-29
2026-03-10_17-48-51,0,draft.go:2026-03-10_17-48-51
2026-03-10_17-49-05,0,draft.go:2026-03-10_17-48-51
2026-03-10_17-51-23,0,draft.go:2026-03-10_17-51-23
2026-03-10_17-52-10,---,draft.go:2026-03-10_17-51-23
2026-03-10_17-55-39,0,draft.go:2026-03-10_17-55-39
2026-03-10_17-55-55,0,draft.go:2026-03-10_17-55-55
2026-03-10_17-57-17,0,draft.go:2026-03-10_17-57-17
2026-03-10_17-57-34,0,draft.go:2026-03-10_17-57-34
2026-03-10_17-58-18,0,draft.go:2026-03-10_17-58-18
2026-03-10_17-59-38,---,draft.go:2026-03-10_17-59-38
2026-03-10_17-59-52,100,draft.go:2026-03-10_17-59-38
2026-04-14_16-42-32,0,draft.go:2026-04-14_16-42-32
2026-04-14_16-46-24,0,draft.go:2026-04-14_16-46-24
2026-04-14_16-46-57,0,draft.go:2026-04-14_16-46-57
2026-04-14_16-47-10,0,draft.go:2026-04-14_16-47-10
2026-04-14_16-48-18,0,draft.go:2026-04-14_16-48-18
2026-04-14_16-48-37,0,draft.go:2026-04-14_16-48-37
2026-04-14_16-56-46,0,draft.go:2026-04-14_16-56-46
2026-04-14_16-59-22,0,draft.go:2026-04-14_16-59-22
2026-04-14_17-00-37,0,draft.go:2026-04-14_17-00-37
2026-04-14_17-00-43,0,draft.go:2026-04-14_17-00-37
2026-04-14_17-01-17,---,draft.go:2026-04-14_17-00-37
2026-04-14_17-14-49,0,draft.go:2026-04-14_17-14-49
2026-04-14_17-15-10,0,draft.go:2026-04-14_17-15-10
2026-04-14_17-15-18,0,draft.go:2026-04-14_17-15-18
2026-04-14_17-20-09,0,draft.go:2026-04-14_17-20-09
2026-04-14_17-20-44,0,draft.go:2026-04-14_17-20-44
2026-04-14_17-21-32,0,draft.go:2026-04-14_17-21-32
2026-04-14_17-21-39,0,draft.go:2026-04-14_17-21-39
2026-04-14_17-23-51,0,draft.go:2026-04-14_17-23-51
2026-04-14_17-31-25,0,draft.go:2026-04-14_17-31-25
2026-04-14_17-31-33,---,draft.go:2026-04-14_17-31-25
2026-04-14_17-42-35,0,draft.go:2026-04-14_17-31-25
2026-04-14_17-42-38,---,draft.go:2026-04-14_17-31-25
