2026-04-27_00-28-49,0,draft.go:2026-04-27_00-28-49
2026-04-27_00-29-10,0,draft.go:2026-04-27_00-28-49
2026-04-27_00-29-37,0,draft.go:2026-04-27_00-29-37
2026-04-27_00-29-50,0,draft.go:2026-04-27_00-29-50
2026-04-27_00-30-06,0,draft.go:2026-04-27_00-30-06
2026-04-27_00-30-35,0,draft.go:2026-04-27_00-30-35
2026-04-28_16-41-49,0,draft.go:2026-04-27_00-30-35
2026-04-28_16-43-02,0,draft.go:2026-04-27_00-30-35
2026-04-28_16-50-44,0,draft.go:2026-04-28_16-50-44
2026-04-28_16-52-06,0,draft.go:2026-04-28_16-52-06
2026-04-28_16-54-02,14,draft.go:2026-04-28_16-54-02
2026-04-28_16-54-30,14,draft.go:2026-04-28_16-54-30
2026-04-28_16-54-59,0,draft.go:2026-04-28_16-54-59
2026-04-28_16-55-59,0,draft.go:2026-04-28_16-55-59
2026-04-28_16-56-28,14,draft.go:2026-04-28_16-56-28
2026-04-28_16-58-38,14,draft.go:2026-04-28_16-58-38
2026-04-28_16-59-18,14,draft.go:2026-04-28_16-59-18
2026-04-28_17-00-28,42,draft.go:2026-04-28_17-00-28
2026-04-28_17-02-18,14,draft.go:2026-04-28_17-02-18
2026-04-28_17-02-36,14,draft.go:2026-04-28_17-02-36
2026-04-28_17-03-00,42,draft.go:2026-04-28_17-03-00
2026-04-28_17-10-42,14,draft.go:2026-04-28_17-10-42
2026-04-28_17-10-56,0,draft.go:2026-04-28_17-10-56
2026-04-28_17-11-18,14,draft.go:2026-04-28_17-11-18
2026-04-28_17-12-07,100,draft.go:2026-04-28_17-12-07
2026-04-28_17-54-42,100,draft.go:2026-04-28_17-12-07
