2026-04-12_23-57-20,0,draft.go:2026-04-12_23-57-20
2026-04-13_16-28-16,0,draft.go:2026-04-13_16-28-16
2026-04-13_16-28-48,0,draft.go:2026-04-13_16-28-48
2026-04-13_16-29-44,0,draft.go:2026-04-13_16-29-44
2026-04-13_16-31-12,0,draft.go:2026-04-13_16-31-12
2026-04-13_16-32-04,0,draft.go:2026-04-13_16-32-04
2026-04-13_16-33-00,0,draft.go:2026-04-13_16-33-00
2026-04-13_16-33-29,0,draft.go:2026-04-13_16-33-29
2026-04-13_16-33-58,0,draft.go:2026-04-13_16-33-58
2026-04-13_16-34-40,0,draft.go:2026-04-13_16-33-58
2026-04-13_16-36-08,0,draft.go:2026-04-13_16-33-58
2026-04-13_16-36-39,0,draft.go:2026-04-13_16-33-58
2026-04-26_22-53-45,0,draft.go:2026-04-13_16-33-58
2026-04-26_22-55-28,0,draft.go:2026-04-26_22-55-28
2026-04-26_23-03-46,0,draft.go:2026-04-26_23-03-46
2026-04-26_23-12-10,0,draft.go:2026-04-26_23-03-46
2026-04-26_23-33-09,0,draft.go:2026-04-26_23-33-09
2026-04-26_23-33-57,0,draft.go:2026-04-26_23-33-09
2026-04-26_23-34-23,0,draft.go:2026-04-26_23-34-23
2026-04-26_23-34-59,0,draft.go:2026-04-26_23-34-59
2026-04-26_23-35-14,100,draft.go:2026-04-26_23-35-14
